{
  "name": "angular-mocks",
  "version": "1.5.0",
  "license": "MIT",
  "main": "./angular-mocks.js",
  "ignore": [],
  "dependencies": {
    "angular": "1.5.0"
  },
  "homepage": "https://github.com/angular/bower-angular-mocks",
  "_release": "1.5.0",
  "_resolution": {
    "type": "version",
    "tag": "v1.5.0",
    "commit": "febc5527ce59ae9217bf4fcc23a8d9d8d0b567b0"
  },
  "_source": "git://github.com/angular/bower-angular-mocks.git",
  "_target": "~1.5.0",
  "_originalSource": "angular-mocks"
}